gene,cluster_id,level_1,level_2,level_3,level_4,max_level,is_core,mean_log2fc,direction
ACADL,6,True,True,True,True,4,True,-1.2664618246400559,down
ADAMTS14,7,True,True,True,True,4,True,0.39497203988305296,up
AFF3,19,True,True,True,True,4,True,-1.9209415685343143,down
ASPN,9,True,True,True,True,4,True,2.735135089657562,up
BCHE,11,True,True,True,True,4,True,1.207921193344538,up
BMP4,8,True,True,True,True,4,True,0.817920623752801,up
C12orf75,2,True,True,True,True,4,True,1.5463349766771715,up
CA4,21,True,True,True,True,4,True,-1.502036063692576,down
CDH3,1,True,True,True,True,4,True,1.7566242339481786,up
CFH,0,True,True,True,True,4,True,1.1414113662640055,up
CHI3L2,19,True,True,True,True,4,True,-1.7629423110672273,down
CLCA2,2,True,True,True,True,4,True,1.5411275332114849,up
CLEC4E,19,True,True,True,True,4,True,-2.0827251513956573,down
COL1A1,1,True,True,True,True,4,True,1.6556844639775905,up
COL1A2,0,True,True,True,True,4,True,1.0072104777100863,up
COL3A1,15,True,True,True,True,4,True,1.4919569576330547,up
COL5A1,8,True,True,True,True,4,True,0.7703803406323528,up
COL5A2,8,True,True,True,True,4,True,0.8257250504614837,up
COL15A1,10,True,True,True,True,4,True,1.9212426135567222,up
COL17A1,0,True,True,True,True,4,True,1.0616866508067222,up
COMP,1,True,True,True,True,4,True,1.766470446487395,up
CRTAC1,6,True,True,True,True,4,True,-1.1915585715413162,down
CSF3R,21,True,True,True,True,4,True,-1.4842235000014012,down
CXCL12,11,True,True,True,True,4,True,1.2471934619530805,up
CXCL14,9,True,True,True,True,4,True,2.24870234032563,up
DCLK1,2,True,True,True,True,4,True,1.555918143629552,up
DIO2,16,True,True,True,True,4,True,1.4511455716624646,up
EDNRB,6,True,True,True,True,4,True,-1.2853597349033619,down
ENG,5,True,True,True,True,4,True,0.1453031428025211,up
EPHA3,10,True,True,True,True,4,True,1.8455941360560222,up
FAM107A,22,True,True,True,True,4,True,-1.5527219455252097,down
FGF1,5,True,True,True,True,4,True,0.572461658051121,up
FKBP5,19,True,True,True,True,4,True,-1.7389287051960802,down
FMO5,19,True,True,True,True,4,True,-1.8799583822275903,down
FN1,7,True,True,True,True,4,True,0.5029174488235286,up
FNDC1,10,True,True,True,True,4,True,1.8921407817822136,up
FPR1,19,True,True,True,True,4,True,-1.8097475436316501,down
GPNMB,13,True,True,True,True,4,True,0.7196111275315147,up
GPR4,6,True,True,True,True,4,True,-1.3187195329509804,down
GPR87,2,True,True,True,True,4,True,1.5268864217394957,up
GPX3,6,True,True,True,True,4,True,-1.3207371628221298,down
HHLA2,12,True,True,True,True,4,True,1.3228247194320732,up
HIF3A,21,True,True,True,True,4,True,-1.4748566370027993,down
HMCN1,11,True,True,True,True,4,True,1.2660829570581233,up
HS6ST2,2,True,True,True,True,4,True,1.5498141952731093,up
HSD17B6,18,True,True,True,True,4,True,-1.0943606686372545,down
IL1R2,20,True,True,True,True,4,True,-3.640147056317928,down
IL1RL1,19,True,True,True,True,4,True,-1.9551195595616253,down
IL6,13,True,True,True,True,4,True,-2.0329793084579824,down
IL13RA2,1,True,True,True,True,4,True,1.788607367520308,up
IL18R1,19,True,True,True,True,4,True,-1.9621029492899158,down
IL18RAP,20,True,True,True,True,4,True,-2.3994498794530807,down
JAG2,13,True,True,True,True,4,True,0.5156077096736698,up
KRT5,9,True,True,True,True,4,True,2.4367028055490203,up
KRT14,8,True,True,True,True,4,True,0.8817573237556036,up
KRT15,10,True,True,True,True,4,True,1.855834739994398,up
KRT17,16,True,True,True,True,4,True,1.4561540245070033,up
LRRC17,10,True,True,True,True,4,True,1.83111143957493,up
LRRN1,2,True,True,True,True,4,True,1.5443837879243696,up
LTBP1,0,True,True,True,True,4,True,1.0698010253137253,up
MGAM,20,True,True,True,True,4,True,-2.671982355483193,down
MMP2,5,True,True,True,True,4,True,0.626424953813026,up
MMP7,9,True,True,True,True,4,True,3.1652805852240884,up
MMP10,15,True,True,True,True,4,True,1.4890394057955187,up
MMP13,11,True,True,True,True,4,True,1.2437006226736702,up
MSMB,9,True,True,True,True,4,True,2.2030567717275913,up
MUC5B,9,True,True,True,True,4,True,2.2219212347864135,up
MXRA5,2,True,True,True,True,4,True,1.5288959260581243,up
NPR1,18,True,True,True,True,4,True,-1.078145173749999,down
PAPSS2,18,True,True,True,True,4,True,-1.0516271467927174,down
PDGFRA,6,True,True,True,True,4,True,-1.337479245788515,down
PEBP4,22,True,True,True,True,4,True,-1.5713776204103627,down
PROK2,19,True,True,True,True,4,True,-2.164880562239494,down
PSD3,12,True,True,True,True,4,True,1.3110555591043407,up
PTPRB,6,True,True,True,True,4,True,-1.193159287676469,down
S100A8,19,True,True,True,True,4,True,-1.8004380494747907,down
S100A12,20,True,True,True,True,4,True,-3.053917685996499,down
SCN7A,18,True,True,True,True,4,True,-1.093188756394257,down
SERPIND1,9,True,True,True,True,4,True,2.2512608852506997,up
SERPINI2,0,True,True,True,True,4,True,1.0820169175049017,up
SLC39A8,6,True,True,True,True,4,True,-1.2532018135588237,down
SLCO4A1,20,True,True,True,True,4,True,-2.48023097769888,down
SLN,0,True,True,True,True,4,True,1.1416480054481795,up
SPARC,13,True,True,True,True,4,True,0.35175987261204433,up
SULF1,15,True,True,True,True,4,True,1.4889647598130265,up
THBS1,22,True,True,True,True,4,True,-1.5916227629033628,down
THY1,1,True,True,True,True,4,True,1.7136846190994395,up
TIMP2,13,True,True,True,True,4,True,0.2640994590616268,up
TLR2,18,True,True,True,True,4,True,-1.0836373917422981,down
TMEM45A,16,True,True,True,True,4,True,1.4551920527906157,up
TMPRSS4,12,True,True,True,True,4,True,1.315498003386554,up
TP63,1,True,True,True,True,4,True,1.6882842219908958,up
TRIM2,0,True,True,True,True,4,True,1.0141709553249303,up
VSIG1,1,True,True,True,True,4,True,1.7526998682100836,up
ZBTB7C,7,True,True,True,True,4,True,0.5839608772506999,up
ZKSCAN1,5,True,True,True,True,4,True,0.5498161071106438,up
ABCA3,6,True,False,True,True,4,False,-1.1411310566274508,down
ABCA13,2,True,False,True,True,4,False,1.5760794988963593,up
AGER,6,True,False,True,True,4,False,-1.278265323128152,down
AOC3,3,True,False,True,True,4,False,-0.6715842362577029,down
CACNA2D2,17,True,False,True,True,4,False,-0.86721152027381,down
DNAI7,4,True,False,True,True,4,False,1.3904716408095243,up
CCL18,16,True,False,True,True,4,False,1.4727849725728301,up
CDH13,17,True,False,True,True,4,False,-1.0180390233249295,down
CLDN1,4,True,False,True,True,4,False,1.392601247142156,up
COL6A3,8,True,False,True,True,4,False,0.904811852682073,up
COL14A1,9,True,False,True,True,4,False,2.0931623133004202,up
CTSK,11,True,False,True,True,4,False,1.2689629974124648,up
CXCR2,22,True,False,True,True,4,False,-1.635698192059523,down
DNAH9,0,True,False,True,True,4,False,1.095464656644959,up
DZIP3,4,True,False,True,True,4,False,1.365400332787115,up
FAM81B,10,True,False,True,True,4,False,1.89294250165056,up
FANK1,16,True,False,True,True,4,False,1.4745484247836127,up
TAMALIN,17,True,True,True,True,4,False,-0.9517890176078434,down
GSTA1,10,True,False,True,True,4,False,2.007152128805322,up
HHIP,6,True,False,True,True,4,False,-1.2640650678900545,down
HSPA4L,12,True,False,True,True,4,False,1.3079688355868346,up
ID1,18,True,False,True,True,4,False,-1.0492013438095227,down
IGFL2,14,True,True,True,True,4,False,0.4720561202387965,up
IL10,14,True,False,True,True,4,False,-0.6101438692114844,down
IL33,0,True,False,True,True,4,False,1.1294330981715701,up
ITGAV,7,True,False,True,True,4,False,0.4116276468557416,up
KDR,3,True,False,True,True,4,False,-0.6191576024201684,down
KRT19,13,True,False,True,True,4,False,0.6270085287878135,up
LEF1,7,True,False,True,True,4,False,0.7453040779103643,up
LIN7A,3,True,False,True,True,4,False,-0.7009266642422971,down
LRRC32,6,True,False,True,True,4,False,-1.1767103530413157,down
LRRC46,10,True,False,True,True,4,False,1.8722067945735295,up
MAFK,3,True,False,True,True,4,False,-0.3911561602850142,down
MMP1,9,True,False,True,True,4,False,2.6973349482408966,up
MMP8,13,True,False,True,True,4,False,-1.1392539275126055,down
MNS1,2,True,False,True,True,4,False,1.578492859864145,up
MS4A2,2,True,False,True,True,4,False,1.5302286828767508,up
NELL2,4,True,False,True,True,4,False,1.3617819125476194,up
NLRP3,13,True,False,True,True,4,False,-1.0916576858746492,down
OGN,12,True,False,True,True,4,False,1.3048746022857127,up
PGC,6,True,False,True,True,4,False,-1.3071994569229686,down
PLA2G1B,22,True,False,True,True,4,False,-1.6245731097507008,down
PLLP,17,True,True,True,True,4,False,-1.0172546880959388,down
PRSS12,1,True,False,True,True,4,False,1.7479427481869747,up
RRM2,14,True,True,True,True,4,False,0.6592207933396361,up
S100A9,21,True,False,True,True,4,False,-1.518009171742297,down
SERPINE1,14,True,False,True,True,4,False,-1.4038687548620459,down
SFRP2,9,True,False,True,True,4,False,2.9342269894383763,up
SFRP4,16,True,False,True,True,4,False,1.4533832456904778,up
SFTPC,14,True,False,True,True,4,False,-0.3608499439565813,down
SLAMF7,4,True,True,True,True,4,False,1.3816128941533612,up
SLCO2A1,17,True,False,True,True,4,False,-0.9967833877990193,down
SOX2,10,True,False,True,True,4,False,1.8466058729124644,up
SPAG17,15,True,False,True,True,4,False,1.4911589894733899,up
SPATA18,9,True,False,True,True,4,False,2.173672043593138,up
STX11,17,True,False,True,True,4,False,-1.0036004346183476,down
SLITRK6,1,True,False,True,True,4,False,1.7253569268942588,up
SYTL2,8,True,False,True,True,4,False,0.9101550545637247,up
TAGLN,13,True,False,True,True,4,False,0.4556789443137257,up
TGFB2,8,True,False,True,True,4,False,0.8764286021204488,up
TIMP3,3,True,False,True,True,4,False,-0.6786705207002788,down
VCAM1,15,True,False,True,True,4,False,1.4823376973263307,up
VEGFA,5,True,False,True,True,4,False,-0.4130844156484579,down
WDR49,12,True,False,True,True,4,False,1.3240047863795512,up
ZBTB16,21,True,False,True,True,4,False,-1.4248488666232522,down
ITGB8,-1,False,False,False,False,0,False,1.508494177244398,up
NEK11,-1,False,False,False,False,0,False,0.9628944662906154,up
